{
    "loss": 2.3732120990753174,
    "accuracy": 0.7931034564971924
}