{
    "loss": 1.1725481748580933,
    "accuracy": 0.8620689511299133
}